id,title,description,availability,condition,price,link,image_link,brand,product_type
bh-harmony-2p,"2 pièces – Harmony, Ashdod","Programme neuf à Harmony, Ashdod. Promoteur reconnu. Appartements de 2 pièces, de 54 à 55 m². Livraison 2031. Avec parking selon les appartements. À partir de 1 735 000 ₪. BH Nadlan accompagne les acheteurs francophones du premier contact jusqu'à la remise des clés : sélection, négociation, avocat, banque et suivi du chantier.",in stock,new,1735000 ILS,https://hb1826-prog.github.io/bh-nadlan-vitrine/bh-harmony-2p.html,https://hb1826-prog.github.io/bh-nadlan-vitrine/img/bh-harmony-2p.jpg,BH Nadlan,Immobilier neuf > Ashdod
bh-harmony-3p,"3 pièces – Harmony, Ashdod","Programme neuf à Harmony, Ashdod. Promoteur reconnu. Appartements de 3 pièces, 80 m². Livraison 2031. À partir de 2 125 000 ₪. BH Nadlan accompagne les acheteurs francophones du premier contact jusqu'à la remise des clés : sélection, négociation, avocat, banque et suivi du chantier.",in stock,new,2125000 ILS,https://hb1826-prog.github.io/bh-nadlan-vitrine/bh-harmony-3p.html,https://hb1826-prog.github.io/bh-nadlan-vitrine/img/bh-harmony-3p.jpg,BH Nadlan,Immobilier neuf > Ashdod
bh-harmony-4p,"4 pièces – Harmony, Ashdod","Programme neuf à Harmony, Ashdod. Promoteur reconnu. Appartements de 4 pièces, de 111 à 113 m². Livraison 2031. À partir de 2 495 000 ₪. BH Nadlan accompagne les acheteurs francophones du premier contact jusqu'à la remise des clés : sélection, négociation, avocat, banque et suivi du chantier.",in stock,new,2495000 ILS,https://hb1826-prog.github.io/bh-nadlan-vitrine/bh-harmony-4p.html,https://hb1826-prog.github.io/bh-nadlan-vitrine/img/bh-harmony-4p.jpg,BH Nadlan,Immobilier neuf > Ashdod
bh-harmony-5p,"5 pièces – Harmony, Ashdod","Programme neuf à Harmony, Ashdod. Promoteur reconnu. Appartements de 5 pièces, de 141 à 191 m². Livraison 2031. À partir de 2 975 000 ₪. BH Nadlan accompagne les acheteurs francophones du premier contact jusqu'à la remise des clés : sélection, négociation, avocat, banque et suivi du chantier.",in stock,new,2975000 ILS,https://hb1826-prog.github.io/bh-nadlan-vitrine/bh-harmony-5p.html,https://hb1826-prog.github.io/bh-nadlan-vitrine/img/bh-harmony-5p.jpg,BH Nadlan,Immobilier neuf > Ashdod
bh-harmony-6p,"6 pièces – Harmony, Ashdod","Programme neuf à Harmony, Ashdod. Promoteur reconnu. Appartements de 6 pièces, 165 m². Livraison 2031. À partir de 3 885 000 ₪. BH Nadlan accompagne les acheteurs francophones du premier contact jusqu'à la remise des clés : sélection, négociation, avocat, banque et suivi du chantier.",in stock,new,3885000 ILS,https://hb1826-prog.github.io/bh-nadlan-vitrine/bh-harmony-6p.html,https://hb1826-prog.github.io/bh-nadlan-vitrine/img/bh-harmony-6p.jpg,BH Nadlan,Immobilier neuf > Ashdod
bh-ir-hayain-3p,"3 pièces – Ir HaYain, Ashkelon","Programme neuf à Ir HaYain, Ashkelon. Promoteur reconnu. Appartements de 3 pièces. Livraison 09/2028. À partir de 1 850 000 ₪. BH Nadlan accompagne les acheteurs francophones du premier contact jusqu'à la remise des clés : sélection, négociation, avocat, banque et suivi du chantier.",in stock,new,1850000 ILS,https://hb1826-prog.github.io/bh-nadlan-vitrine/bh-ir-hayain-3p.html,https://hb1826-prog.github.io/bh-nadlan-vitrine/img/bh-ir-hayain-3p.jpg,BH Nadlan,Immobilier neuf > Ashkelon
bh-ir-hayain-4p,"4 pièces – Ir HaYain, Ashkelon","Programme neuf à Ir HaYain, Ashkelon. Promoteur reconnu. Appartements de 4 pièces. Livraison 09/2028. À partir de 2 150 000 ₪. BH Nadlan accompagne les acheteurs francophones du premier contact jusqu'à la remise des clés : sélection, négociation, avocat, banque et suivi du chantier.",in stock,new,2150000 ILS,https://hb1826-prog.github.io/bh-nadlan-vitrine/bh-ir-hayain-4p.html,https://hb1826-prog.github.io/bh-nadlan-vitrine/img/bh-ir-hayain-4p.jpg,BH Nadlan,Immobilier neuf > Ashkelon
bh-ir-hayain-5p,"5 pièces – Ir HaYain, Ashkelon","Programme neuf à Ir HaYain, Ashkelon. Promoteur reconnu. Appartements de 5 pièces. Livraison 09/2028. À partir de 2 450 000 ₪. BH Nadlan accompagne les acheteurs francophones du premier contact jusqu'à la remise des clés : sélection, négociation, avocat, banque et suivi du chantier.",in stock,new,2450000 ILS,https://hb1826-prog.github.io/bh-nadlan-vitrine/bh-ir-hayain-5p.html,https://hb1826-prog.github.io/bh-nadlan-vitrine/img/bh-ir-hayain-5p.jpg,BH Nadlan,Immobilier neuf > Ashkelon
bh-marina-2p,"2 pièces – Marina, Ashkelon","Programme neuf à Marina, Ashkelon. Promoteur reconnu. Appartements de 2 pièces. Livraison 05/2026. À partir de 1 750 000 ₪. BH Nadlan accompagne les acheteurs francophones du premier contact jusqu'à la remise des clés : sélection, négociation, avocat, banque et suivi du chantier.",in stock,new,1750000 ILS,https://hb1826-prog.github.io/bh-nadlan-vitrine/bh-marina-2p.html,https://hb1826-prog.github.io/bh-nadlan-vitrine/img/bh-marina-2p.jpg,BH Nadlan,Immobilier neuf > Ashkelon
bh-marina-4p,"4 pièces – Marina, Ashkelon","Programme neuf à Marina, Ashkelon. Promoteur reconnu. Appartements de 4 pièces. Livraison 05/2026. À partir de 2 490 000 ₪. BH Nadlan accompagne les acheteurs francophones du premier contact jusqu'à la remise des clés : sélection, négociation, avocat, banque et suivi du chantier.",in stock,new,2490000 ILS,https://hb1826-prog.github.io/bh-nadlan-vitrine/bh-marina-4p.html,https://hb1826-prog.github.io/bh-nadlan-vitrine/img/bh-marina-4p.jpg,BH Nadlan,Immobilier neuf > Ashkelon
bh-ramot-3p,"3 pièces – Ramot, Ashkelon","Programme neuf à Ramot, Ashkelon. Promoteur reconnu. Appartements de 3 pièces, de 77 à 110 m². Livraison 2029. Avec parking et cave selon les appartements. À partir de 1 875 000 ₪. BH Nadlan accompagne les acheteurs francophones du premier contact jusqu'à la remise des clés : sélection, négociation, avocat, banque et suivi du chantier.",in stock,new,1875000 ILS,https://hb1826-prog.github.io/bh-nadlan-vitrine/bh-ramot-3p.html,https://hb1826-prog.github.io/bh-nadlan-vitrine/img/bh-ramot-3p.jpg,BH Nadlan,Immobilier neuf > Ashkelon
bh-ramot-4p,"4 pièces – Ramot, Ashkelon","Programme neuf à Ramot, Ashkelon. Promoteur reconnu. Appartements de 4 pièces, de 109 à 111 m². Livraison 2029. Avec parking et cave selon les appartements. À partir de 2 181 818 ₪. BH Nadlan accompagne les acheteurs francophones du premier contact jusqu'à la remise des clés : sélection, négociation, avocat, banque et suivi du chantier.",in stock,new,2181818 ILS,https://hb1826-prog.github.io/bh-nadlan-vitrine/bh-ramot-4p.html,https://hb1826-prog.github.io/bh-nadlan-vitrine/img/bh-ramot-4p.jpg,BH Nadlan,Immobilier neuf > Ashkelon
bh-ramot-5p,"5 pièces – Ramot, Ashkelon","Programme neuf à Ramot, Ashkelon. Promoteur reconnu. Appartements de 5 pièces, de 124 à 167 m². Livraison 2029. Avec parking et cave selon les appartements. À partir de 2 454 000 ₪. BH Nadlan accompagne les acheteurs francophones du premier contact jusqu'à la remise des clés : sélection, négociation, avocat, banque et suivi du chantier.",in stock,new,2454000 ILS,https://hb1826-prog.github.io/bh-nadlan-vitrine/bh-ramot-5p.html,https://hb1826-prog.github.io/bh-nadlan-vitrine/img/bh-ramot-5p.jpg,BH Nadlan,Immobilier neuf > Ashkelon
bh-ramot-6p,"6 pièces – Ramot, Ashkelon","Programme neuf à Ramot, Ashkelon. Promoteur reconnu. Appartements de 6 pièces, de 172 à 181 m². Livraison 2029. Avec parking et cave selon les appartements. À partir de 3 545 000 ₪. BH Nadlan accompagne les acheteurs francophones du premier contact jusqu'à la remise des clés : sélection, négociation, avocat, banque et suivi du chantier.",in stock,new,3545000 ILS,https://hb1826-prog.github.io/bh-nadlan-vitrine/bh-ramot-6p.html,https://hb1826-prog.github.io/bh-nadlan-vitrine/img/bh-ramot-6p.jpg,BH Nadlan,Immobilier neuf > Ashkelon
bh-island-3p,"3 pièces – Island, Bat Yam","Programme neuf à Island, Bat Yam. Promoteur reconnu. Appartements de 3 pièces, 82 m². À partir de 3 100 000 ₪. BH Nadlan accompagne les acheteurs francophones du premier contact jusqu'à la remise des clés : sélection, négociation, avocat, banque et suivi du chantier.",in stock,new,3100000 ILS,https://hb1826-prog.github.io/bh-nadlan-vitrine/bh-island-3p.html,https://hb1826-prog.github.io/bh-nadlan-vitrine/img/bh-island-3p.jpg,BH Nadlan,Immobilier neuf > Bat Yam
bh-island-4p,"4 pièces – Island, Bat Yam","Programme neuf à Island, Bat Yam. Promoteur reconnu. Appartements de 4 pièces, 116 m². À partir de 3 800 000 ₪. BH Nadlan accompagne les acheteurs francophones du premier contact jusqu'à la remise des clés : sélection, négociation, avocat, banque et suivi du chantier.",in stock,new,3800000 ILS,https://hb1826-prog.github.io/bh-nadlan-vitrine/bh-island-4p.html,https://hb1826-prog.github.io/bh-nadlan-vitrine/img/bh-island-4p.jpg,BH Nadlan,Immobilier neuf > Bat Yam
bh-island-5p,"5 pièces – Island, Bat Yam","Programme neuf à Island, Bat Yam. Promoteur reconnu. Appartements de 5 pièces, 131 m². À partir de 4 300 000 ₪. BH Nadlan accompagne les acheteurs francophones du premier contact jusqu'à la remise des clés : sélection, négociation, avocat, banque et suivi du chantier.",in stock,new,4300000 ILS,https://hb1826-prog.github.io/bh-nadlan-vitrine/bh-island-5p.html,https://hb1826-prog.github.io/bh-nadlan-vitrine/img/bh-island-5p.jpg,BH Nadlan,Immobilier neuf > Bat Yam
bh-tours-u-3p,"3 pièces – Tours U, Bat Yam","Programme neuf à Tours U, quartier Ramat Anassi, Bat Yam. Promoteur reconnu. Appartements de 3 pièces, 82 m². Livraison Juin 2030. À partir de 2 700 000 ₪. BH Nadlan accompagne les acheteurs francophones du premier contact jusqu'à la remise des clés : sélection, négociation, avocat, banque et suivi du chantier.",in stock,new,2700000 ILS,https://hb1826-prog.github.io/bh-nadlan-vitrine/bh-tours-u-3p.html,https://hb1826-prog.github.io/bh-nadlan-vitrine/img/bh-tours-u-3p.jpg,BH Nadlan,Immobilier neuf > Bat Yam
bh-tours-u-4p,"4 pièces – Tours U, Bat Yam","Programme neuf à Tours U, quartier Ramat Anassi, Bat Yam. Promoteur reconnu. Appartements de 4 pièces, 105 m². Livraison Juin 2030. À partir de 3 450 000 ₪. BH Nadlan accompagne les acheteurs francophones du premier contact jusqu'à la remise des clés : sélection, négociation, avocat, banque et suivi du chantier.",in stock,new,3450000 ILS,https://hb1826-prog.github.io/bh-nadlan-vitrine/bh-tours-u-4p.html,https://hb1826-prog.github.io/bh-nadlan-vitrine/img/bh-tours-u-4p.jpg,BH Nadlan,Immobilier neuf > Bat Yam
bh-tours-u-5p,"5 pièces – Tours U, Bat Yam","Programme neuf à Tours U, quartier Ramat Anassi, Bat Yam. Promoteur reconnu. Appartements de 5 pièces, 127 m². Livraison Juin 2030. À partir de 3 890 000 ₪. BH Nadlan accompagne les acheteurs francophones du premier contact jusqu'à la remise des clés : sélection, négociation, avocat, banque et suivi du chantier.",in stock,new,3890000 ILS,https://hb1826-prog.github.io/bh-nadlan-vitrine/bh-tours-u-5p.html,https://hb1826-prog.github.io/bh-nadlan-vitrine/img/bh-tours-u-5p.jpg,BH Nadlan,Immobilier neuf > Bat Yam
bh-central-park-4p,"4 pièces – Central Park, Beer Sheva","Programme neuf à Central Park, Beer Sheva. Promoteur reconnu. Appartements de 4 pièces. Livraison 12/décembre 2027/2028. À partir de 1 750 000 ₪. BH Nadlan accompagne les acheteurs francophones du premier contact jusqu'à la remise des clés : sélection, négociation, avocat, banque et suivi du chantier.",in stock,new,1750000 ILS,https://hb1826-prog.github.io/bh-nadlan-vitrine/bh-central-park-4p.html,https://hb1826-prog.github.io/bh-nadlan-vitrine/img/bh-central-park-4p.jpg,BH Nadlan,Immobilier neuf > Beer Sheva
bh-central-park-5p,"5 pièces – Central Park, Beer Sheva","Programme neuf à Central Park, Beer Sheva. Promoteur reconnu. Appartements de 5 pièces. Livraison 12/décembre 2027/2028. À partir de 1 975 000 ₪. BH Nadlan accompagne les acheteurs francophones du premier contact jusqu'à la remise des clés : sélection, négociation, avocat, banque et suivi du chantier.",in stock,new,1975000 ILS,https://hb1826-prog.github.io/bh-nadlan-vitrine/bh-central-park-5p.html,https://hb1826-prog.github.io/bh-nadlan-vitrine/img/bh-central-park-5p.jpg,BH Nadlan,Immobilier neuf > Beer Sheva
bh-park-anahal-3p,"3 pièces – Park Anahal, Beer Sheva","Programme neuf à Park Anahal, Beer Sheva. Promoteur reconnu. Appartements de 3 pièces. Livraison 10/2026. À partir de 1 409 000 ₪. BH Nadlan accompagne les acheteurs francophones du premier contact jusqu'à la remise des clés : sélection, négociation, avocat, banque et suivi du chantier.",in stock,new,1409000 ILS,https://hb1826-prog.github.io/bh-nadlan-vitrine/bh-park-anahal-3p.html,https://hb1826-prog.github.io/bh-nadlan-vitrine/img/bh-park-anahal-3p.jpg,BH Nadlan,Immobilier neuf > Beer Sheva
bh-park-anahal-4p,"4 pièces – Park Anahal, Beer Sheva","Programme neuf à Park Anahal, Beer Sheva. Promoteur reconnu. Appartements de 4 pièces. Livraison 10/2026. À partir de 1 650 000 ₪. BH Nadlan accompagne les acheteurs francophones du premier contact jusqu'à la remise des clés : sélection, négociation, avocat, banque et suivi du chantier.",in stock,new,1650000 ILS,https://hb1826-prog.github.io/bh-nadlan-vitrine/bh-park-anahal-4p.html,https://hb1826-prog.github.io/bh-nadlan-vitrine/img/bh-park-anahal-4p.jpg,BH Nadlan,Immobilier neuf > Beer Sheva
bh-park-anahal-5p,"5 pièces – Park Anahal, Beer Sheva","Programme neuf à Park Anahal, Beer Sheva. Promoteur reconnu. Appartements de 5 pièces. Livraison 10/2026. À partir de 1 800 000 ₪. BH Nadlan accompagne les acheteurs francophones du premier contact jusqu'à la remise des clés : sélection, négociation, avocat, banque et suivi du chantier.",in stock,new,1800000 ILS,https://hb1826-prog.github.io/bh-nadlan-vitrine/bh-park-anahal-5p.html,https://hb1826-prog.github.io/bh-nadlan-vitrine/img/bh-park-anahal-5p.jpg,BH Nadlan,Immobilier neuf > Beer Sheva
bh-quartier-du-parc-face-au-lac-3p,"3 pièces – Quartier du parc, face au lac, Beer Sheva","Programme neuf à Quartier du parc, face au lac, Beer Sheva. Promoteur reconnu. Appartements de 3 pièces, 86 m². Livraison immédiate. À partir de 1 685 000 ₪. BH Nadlan accompagne les acheteurs francophones du premier contact jusqu'à la remise des clés : sélection, négociation, avocat, banque et suivi du chantier.",in stock,new,1685000 ILS,https://hb1826-prog.github.io/bh-nadlan-vitrine/bh-quartier-du-parc-face-au-lac-3p.html,https://hb1826-prog.github.io/bh-nadlan-vitrine/img/bh-quartier-du-parc-face-au-lac-3p.jpg,BH Nadlan,Immobilier neuf > Beer Sheva
bh-quartier-du-parc-face-au-lac-4p,"4 pièces – Quartier du parc, face au lac, Beer Sheva","Programme neuf à Quartier du parc, face au lac, Beer Sheva. Promoteur reconnu. Appartements de 4 pièces, 109 m². Livraison immédiate. À partir de 2 200 000 ₪. BH Nadlan accompagne les acheteurs francophones du premier contact jusqu'à la remise des clés : sélection, négociation, avocat, banque et suivi du chantier.",in stock,new,2200000 ILS,https://hb1826-prog.github.io/bh-nadlan-vitrine/bh-quartier-du-parc-face-au-lac-4p.html,https://hb1826-prog.github.io/bh-nadlan-vitrine/img/bh-quartier-du-parc-face-au-lac-4p.jpg,BH Nadlan,Immobilier neuf > Beer Sheva
bh-quartier-du-parc-face-au-lac-5p,"5 pièces – Quartier du parc, face au lac, Beer Sheva","Programme neuf à Quartier du parc, face au lac, Beer Sheva. Promoteur reconnu. Appartements de 5 pièces, de 125 à 140 m². Livraison immédiate. À partir de 2 500 000 ₪. BH Nadlan accompagne les acheteurs francophones du premier contact jusqu'à la remise des clés : sélection, négociation, avocat, banque et suivi du chantier.",in stock,new,2500000 ILS,https://hb1826-prog.github.io/bh-nadlan-vitrine/bh-quartier-du-parc-face-au-lac-5p.html,https://hb1826-prog.github.io/bh-nadlan-vitrine/img/bh-quartier-du-parc-face-au-lac-5p.jpg,BH Nadlan,Immobilier neuf > Beer Sheva
bh-ramat-adar-5p,"5 pièces – Ramat Adar, Givat Shmuel","Programme neuf à Ramat Adar, Givat Shmuel. Promoteur reconnu. Appartements de 5 pièces. Livraison 02/2028. À partir de 3 830 000 ₪. BH Nadlan accompagne les acheteurs francophones du premier contact jusqu'à la remise des clés : sélection, négociation, avocat, banque et suivi du chantier.",in stock,new,3830000 ILS,https://hb1826-prog.github.io/bh-nadlan-vitrine/bh-ramat-adar-5p.html,https://hb1826-prog.github.io/bh-nadlan-vitrine/img/bh-ramat-adar-5p.jpg,BH Nadlan,Immobilier neuf > Givat Shmuel
bh-givatayim-im-3p,"3 pièces – Givatayim IM, Givatayim","Programme neuf à Givatayim IM, Givatayim. Promoteur reconnu. Appartements de 3 pièces. Livraison 03/2029. À partir de 3 900 000 ₪. BH Nadlan accompagne les acheteurs francophones du premier contact jusqu'à la remise des clés : sélection, négociation, avocat, banque et suivi du chantier.",in stock,new,3900000 ILS,https://hb1826-prog.github.io/bh-nadlan-vitrine/bh-givatayim-im-3p.html,https://hb1826-prog.github.io/bh-nadlan-vitrine/img/bh-givatayim-im-3p.jpg,BH Nadlan,Immobilier neuf > Givatayim
bh-givatayim-im-4p,"4 pièces – Givatayim IM, Givatayim","Programme neuf à Givatayim IM, Givatayim. Promoteur reconnu. Appartements de 4 pièces. Livraison 03/2029. À partir de 4 200 000 ₪. BH Nadlan accompagne les acheteurs francophones du premier contact jusqu'à la remise des clés : sélection, négociation, avocat, banque et suivi du chantier.",in stock,new,4200000 ILS,https://hb1826-prog.github.io/bh-nadlan-vitrine/bh-givatayim-im-4p.html,https://hb1826-prog.github.io/bh-nadlan-vitrine/img/bh-givatayim-im-4p.jpg,BH Nadlan,Immobilier neuf > Givatayim
bh-givatayim-im-5p,"5 pièces – Givatayim IM, Givatayim","Programme neuf à Givatayim IM, Givatayim. Promoteur reconnu. Appartements de 5 pièces. Livraison 03/2029. À partir de 5 200 000 ₪. BH Nadlan accompagne les acheteurs francophones du premier contact jusqu'à la remise des clés : sélection, négociation, avocat, banque et suivi du chantier.",in stock,new,5200000 ILS,https://hb1826-prog.github.io/bh-nadlan-vitrine/bh-givatayim-im-5p.html,https://hb1826-prog.github.io/bh-nadlan-vitrine/img/bh-givatayim-im-5p.jpg,BH Nadlan,Immobilier neuf > Givatayim
bh-avital-3-2p,"2 pièces – Avital 3, Jerusalem","Programme neuf à Avital 3, quartier Makor Haim, Jerusalem. Promoteur reconnu. Appartements de 2 pièces, de 52 à 61 m². Livraison décembre 2027 ou juin 2028. Avec parking et cave selon les appartements. À partir de 2 380 000 ₪. BH Nadlan accompagne les acheteurs francophones du premier contact jusqu'à la remise des clés : sélection, négociation, avocat, banque et suivi du chantier.",in stock,new,2380000 ILS,https://hb1826-prog.github.io/bh-nadlan-vitrine/bh-avital-3-2p.html,https://hb1826-prog.github.io/bh-nadlan-vitrine/img/bh-avital-3-2p.jpg,BH Nadlan,Immobilier neuf > Jerusalem
bh-avital-3-3p,"3 pièces – Avital 3, Jerusalem","Programme neuf à Avital 3, quartier Makor Haim, Jerusalem. Promoteur reconnu. Appartements de 3 pièces, 83 m². Livraison décembre 2027 ou juin 2028. Avec parking et cave selon les appartements. À partir de 3 850 000 ₪. BH Nadlan accompagne les acheteurs francophones du premier contact jusqu'à la remise des clés : sélection, négociation, avocat, banque et suivi du chantier.",in stock,new,3850000 ILS,https://hb1826-prog.github.io/bh-nadlan-vitrine/bh-avital-3-3p.html,https://hb1826-prog.github.io/bh-nadlan-vitrine/img/bh-avital-3-3p.jpg,BH Nadlan,Immobilier neuf > Jerusalem
bh-avital-3-4p,"4 pièces – Avital 3, Jerusalem","Programme neuf à Avital 3, quartier Makor Haim, Jerusalem. Promoteur reconnu. Appartements de 4 pièces, 99 m². Livraison décembre 2027 ou juin 2028. Avec parking et cave selon les appartements. À partir de 4 600 000 ₪. BH Nadlan accompagne les acheteurs francophones du premier contact jusqu'à la remise des clés : sélection, négociation, avocat, banque et suivi du chantier.",in stock,new,4600000 ILS,https://hb1826-prog.github.io/bh-nadlan-vitrine/bh-avital-3-4p.html,https://hb1826-prog.github.io/bh-nadlan-vitrine/img/bh-avital-3-4p.jpg,BH Nadlan,Immobilier neuf > Jerusalem
bh-botanic-3p,"3 pièces – Botanic, Jerusalem","Programme neuf à Botanic, quartier Kiryat Menahem, Jerusalem. Promoteur reconnu. Appartements de 3 pièces, 83 m². Livraison fevrier 2030. Avec parking selon les appartements. À partir de 2 500 000 ₪. BH Nadlan accompagne les acheteurs francophones du premier contact jusqu'à la remise des clés : sélection, négociation, avocat, banque et suivi du chantier.",in stock,new,2500000 ILS,https://hb1826-prog.github.io/bh-nadlan-vitrine/bh-botanic-3p.html,https://hb1826-prog.github.io/bh-nadlan-vitrine/img/bh-botanic-3p.jpg,BH Nadlan,Immobilier neuf > Jerusalem
bh-botanic-4p,"4 pièces – Botanic, Jerusalem","Programme neuf à Botanic, quartier Kiryat Menahem, Jerusalem. Promoteur reconnu. Appartements de 4 pièces, de 91 à 111 m². Livraison juillet 2029. Avec parking et cave selon les appartements. À partir de 3 270 000 ₪. BH Nadlan accompagne les acheteurs francophones du premier contact jusqu'à la remise des clés : sélection, négociation, avocat, banque et suivi du chantier.",in stock,new,3270000 ILS,https://hb1826-prog.github.io/bh-nadlan-vitrine/bh-botanic-4p.html,https://hb1826-prog.github.io/bh-nadlan-vitrine/img/bh-botanic-4p.jpg,BH Nadlan,Immobilier neuf > Jerusalem
bh-botanic-5p,"5 pièces – Botanic, Jerusalem","Programme neuf à Botanic, quartier Kiryat Menahem, Jerusalem. Promoteur reconnu. Appartements de 5 pièces, de 112 à 128 m². Avec parking et cave selon les appartements. À partir de 3 277 000 ₪. BH Nadlan accompagne les acheteurs francophones du premier contact jusqu'à la remise des clés : sélection, négociation, avocat, banque et suivi du chantier.",in stock,new,3277000 ILS,https://hb1826-prog.github.io/bh-nadlan-vitrine/bh-botanic-5p.html,https://hb1826-prog.github.io/bh-nadlan-vitrine/img/bh-botanic-5p.jpg,BH Nadlan,Immobilier neuf > Jerusalem
bh-hadassa-aktana-2p,"2 pièces – Hadassa Aktana, Jerusalem","Programme neuf à Hadassa Aktana, quartier Kiryat Yovel, Jerusalem. Promoteur reconnu. Appartements de 2 pièces, 50 m². Livraison immédiate. Avec parking et cave selon les appartements. À partir de 2 300 000 ₪. BH Nadlan accompagne les acheteurs francophones du premier contact jusqu'à la remise des clés : sélection, négociation, avocat, banque et suivi du chantier.",in stock,new,2300000 ILS,https://hb1826-prog.github.io/bh-nadlan-vitrine/bh-hadassa-aktana-2p.html,https://hb1826-prog.github.io/bh-nadlan-vitrine/img/bh-hadassa-aktana-2p.jpg,BH Nadlan,Immobilier neuf > Jerusalem
bh-holyland-boutique-3p,"3 pièces – Holyland Boutique, Jerusalem","Programme neuf à Holyland Boutique, quartier Bayit VeGan, Jerusalem. Promoteur reconnu. Appartements de 3 pièces, 85 m². Livraison Septembre 2030. À partir de 3 090 000 ₪. BH Nadlan accompagne les acheteurs francophones du premier contact jusqu'à la remise des clés : sélection, négociation, avocat, banque et suivi du chantier.",in stock,new,3090000 ILS,https://hb1826-prog.github.io/bh-nadlan-vitrine/bh-holyland-boutique-3p.html,https://hb1826-prog.github.io/bh-nadlan-vitrine/img/bh-holyland-boutique-3p.jpg,BH Nadlan,Immobilier neuf > Jerusalem
bh-holyland-boutique-4p,"4 pièces – Holyland Boutique, Jerusalem","Programme neuf à Holyland Boutique, quartier Bayit VeGan, Jerusalem. Promoteur reconnu. Appartements de 4 pièces, 109 m². Livraison Septembre 2030. À partir de 4 000 000 ₪. BH Nadlan accompagne les acheteurs francophones du premier contact jusqu'à la remise des clés : sélection, négociation, avocat, banque et suivi du chantier.",in stock,new,4000000 ILS,https://hb1826-prog.github.io/bh-nadlan-vitrine/bh-holyland-boutique-4p.html,https://hb1826-prog.github.io/bh-nadlan-vitrine/img/bh-holyland-boutique-4p.jpg,BH Nadlan,Immobilier neuf > Jerusalem
bh-holyland-boutique-5p,"5 pièces – Holyland Boutique, Jerusalem","Programme neuf à Holyland Boutique, quartier Bayit VeGan, Jerusalem. Promoteur reconnu. Appartements de 5 pièces, 124 m². Livraison Septembre 2030. À partir de 4 616 000 ₪. BH Nadlan accompagne les acheteurs francophones du premier contact jusqu'à la remise des clés : sélection, négociation, avocat, banque et suivi du chantier.",in stock,new,4616000 ILS,https://hb1826-prog.github.io/bh-nadlan-vitrine/bh-holyland-boutique-5p.html,https://hb1826-prog.github.io/bh-nadlan-vitrine/img/bh-holyland-boutique-5p.jpg,BH Nadlan,Immobilier neuf > Jerusalem
bh-holyland-boutique-6p,"6 pièces – Holyland Boutique, Jerusalem","Programme neuf à Holyland Boutique, quartier Bayit VeGan, Jerusalem. Promoteur reconnu. Appartements de 6 pièces, de 143 à 186 m². Livraison Septembre 2030. À partir de 5 273 000 ₪. BH Nadlan accompagne les acheteurs francophones du premier contact jusqu'à la remise des clés : sélection, négociation, avocat, banque et suivi du chantier.",in stock,new,5273000 ILS,https://hb1826-prog.github.io/bh-nadlan-vitrine/bh-holyland-boutique-6p.html,https://hb1826-prog.github.io/bh-nadlan-vitrine/img/bh-holyland-boutique-6p.jpg,BH Nadlan,Immobilier neuf > Jerusalem
bh-holyland-tower-3p,"3 pièces – Holyland Tower, Jerusalem","Programme neuf à Holyland Tower, quartier Bayit VeGan, Jerusalem. Promoteur reconnu. Appartements de 3 pièces, 81 m². Livraison Mars 2028. À partir de 3 505 000 ₪. BH Nadlan accompagne les acheteurs francophones du premier contact jusqu'à la remise des clés : sélection, négociation, avocat, banque et suivi du chantier.",in stock,new,3505000 ILS,https://hb1826-prog.github.io/bh-nadlan-vitrine/bh-holyland-tower-3p.html,https://hb1826-prog.github.io/bh-nadlan-vitrine/img/bh-holyland-tower-3p.jpg,BH Nadlan,Immobilier neuf > Jerusalem
bh-holyland-tower-4p,"4 pièces – Holyland Tower, Jerusalem","Programme neuf à Holyland Tower, quartier Bayit VeGan, Jerusalem. Promoteur reconnu. Appartements de 4 pièces, 108 m². Livraison Mars 2028. À partir de 3 960 000 ₪. BH Nadlan accompagne les acheteurs francophones du premier contact jusqu'à la remise des clés : sélection, négociation, avocat, banque et suivi du chantier.",in stock,new,3960000 ILS,https://hb1826-prog.github.io/bh-nadlan-vitrine/bh-holyland-tower-4p.html,https://hb1826-prog.github.io/bh-nadlan-vitrine/img/bh-holyland-tower-4p.jpg,BH Nadlan,Immobilier neuf > Jerusalem
bh-holyland-tower-5p,"5 pièces – Holyland Tower, Jerusalem","Programme neuf à Holyland Tower, quartier Bayit VeGan, Jerusalem. Promoteur reconnu. Appartements de 5 pièces, 130 m². Livraison Mars 2028. À partir de 4 525 000 ₪. BH Nadlan accompagne les acheteurs francophones du premier contact jusqu'à la remise des clés : sélection, négociation, avocat, banque et suivi du chantier.",in stock,new,4525000 ILS,https://hb1826-prog.github.io/bh-nadlan-vitrine/bh-holyland-tower-5p.html,https://hb1826-prog.github.io/bh-nadlan-vitrine/img/bh-holyland-tower-5p.jpg,BH Nadlan,Immobilier neuf > Jerusalem
bh-holyland-tower-6p,"6 pièces – Holyland Tower, Jerusalem","Programme neuf à Holyland Tower, quartier Bayit VeGan, Jerusalem. Promoteur reconnu. Appartements de 6 pièces, 186 m². Livraison Mars 2028. À partir de 14 095 000 ₪. BH Nadlan accompagne les acheteurs francophones du premier contact jusqu'à la remise des clés : sélection, négociation, avocat, banque et suivi du chantier.",in stock,new,14095000 ILS,https://hb1826-prog.github.io/bh-nadlan-vitrine/bh-holyland-tower-6p.html,https://hb1826-prog.github.io/bh-nadlan-vitrine/img/bh-holyland-tower-6p.jpg,BH Nadlan,Immobilier neuf > Jerusalem
bh-mexico-3p,"3 pièces – Mexico, Jerusalem","Programme neuf à Mexico, quartier Kiryat Menahem, Jerusalem. Promoteur reconnu. Appartements de 3 pièces, 83 m². À partir de 2 755 000 ₪. BH Nadlan accompagne les acheteurs francophones du premier contact jusqu'à la remise des clés : sélection, négociation, avocat, banque et suivi du chantier.",in stock,new,2755000 ILS,https://hb1826-prog.github.io/bh-nadlan-vitrine/bh-mexico-3p.html,https://hb1826-prog.github.io/bh-nadlan-vitrine/img/bh-mexico-3p.jpg,BH Nadlan,Immobilier neuf > Jerusalem
bh-mexico-4p,"4 pièces – Mexico, Jerusalem","Programme neuf à Mexico, quartier Kiryat Menahem, Jerusalem. Promoteur reconnu. Appartements de 4 pièces, 97 m². À partir de 2 940 000 ₪. BH Nadlan accompagne les acheteurs francophones du premier contact jusqu'à la remise des clés : sélection, négociation, avocat, banque et suivi du chantier.",in stock,new,2940000 ILS,https://hb1826-prog.github.io/bh-nadlan-vitrine/bh-mexico-4p.html,https://hb1826-prog.github.io/bh-nadlan-vitrine/img/bh-mexico-4p.jpg,BH Nadlan,Immobilier neuf > Jerusalem
bh-mexico-6-2p,"2 pièces – Mexico 6, Jerusalem","Programme neuf à Mexico 6, quartier 6 Mexico, Jerusalem. Promoteur reconnu. Appartements de 2 pièces, 49 m². À partir de 2 065 000 ₪. BH Nadlan accompagne les acheteurs francophones du premier contact jusqu'à la remise des clés : sélection, négociation, avocat, banque et suivi du chantier.",in stock,new,2065000 ILS,https://hb1826-prog.github.io/bh-nadlan-vitrine/bh-mexico-6-2p.html,https://hb1826-prog.github.io/bh-nadlan-vitrine/img/bh-mexico-6-2p.jpg,BH Nadlan,Immobilier neuf > Jerusalem
bh-soho-2p,"2 pièces – Soho, Jerusalem","Programme neuf à Soho, quartier Katamon, Jerusalem. Promoteur reconnu. Appartements de 2 pièces, de 53 à 68 m². Livraison Aout 2031. À partir de 2 330 000 ₪. BH Nadlan accompagne les acheteurs francophones du premier contact jusqu'à la remise des clés : sélection, négociation, avocat, banque et suivi du chantier.",in stock,new,2330000 ILS,https://hb1826-prog.github.io/bh-nadlan-vitrine/bh-soho-2p.html,https://hb1826-prog.github.io/bh-nadlan-vitrine/img/bh-soho-2p.jpg,BH Nadlan,Immobilier neuf > Jerusalem
bh-soho-2-5p,"2,5 pièces – Soho, Jerusalem","Programme neuf à Soho, quartier Katamon, Jerusalem. Promoteur reconnu. Appartements de 2,5 pièces, 83 m². Livraison Aout 2031. À partir de 3 180 000 ₪. BH Nadlan accompagne les acheteurs francophones du premier contact jusqu'à la remise des clés : sélection, négociation, avocat, banque et suivi du chantier.",in stock,new,3180000 ILS,https://hb1826-prog.github.io/bh-nadlan-vitrine/bh-soho-2-5p.html,https://hb1826-prog.github.io/bh-nadlan-vitrine/img/bh-soho-2-5p.jpg,BH Nadlan,Immobilier neuf > Jerusalem
bh-soho-3p,"3 pièces – Soho, Jerusalem","Programme neuf à Soho, quartier Katamon, Jerusalem. Promoteur reconnu. Appartements de 3 pièces, de 67 à 87 m². Livraison Aout 2031. À partir de 3 250 000 ₪. BH Nadlan accompagne les acheteurs francophones du premier contact jusqu'à la remise des clés : sélection, négociation, avocat, banque et suivi du chantier.",in stock,new,3250000 ILS,https://hb1826-prog.github.io/bh-nadlan-vitrine/bh-soho-3p.html,https://hb1826-prog.github.io/bh-nadlan-vitrine/img/bh-soho-3p.jpg,BH Nadlan,Immobilier neuf > Jerusalem
bh-soho-3-5p,"3,5 pièces – Soho, Jerusalem","Programme neuf à Soho, quartier Katamon, Jerusalem. Promoteur reconnu. Appartements de 3,5 pièces, de 88 à 91 m². Livraison Aout 2031. À partir de 3 710 000 ₪. BH Nadlan accompagne les acheteurs francophones du premier contact jusqu'à la remise des clés : sélection, négociation, avocat, banque et suivi du chantier.",in stock,new,3710000 ILS,https://hb1826-prog.github.io/bh-nadlan-vitrine/bh-soho-3-5p.html,https://hb1826-prog.github.io/bh-nadlan-vitrine/img/bh-soho-3-5p.jpg,BH Nadlan,Immobilier neuf > Jerusalem
bh-soho-4p,"4 pièces – Soho, Jerusalem","Programme neuf à Soho, quartier Katamon, Jerusalem. Promoteur reconnu. Appartements de 4 pièces, de 104 à 110 m². Livraison Aout 2031. À partir de 3 860 000 ₪. BH Nadlan accompagne les acheteurs francophones du premier contact jusqu'à la remise des clés : sélection, négociation, avocat, banque et suivi du chantier.",in stock,new,3860000 ILS,https://hb1826-prog.github.io/bh-nadlan-vitrine/bh-soho-4p.html,https://hb1826-prog.github.io/bh-nadlan-vitrine/img/bh-soho-4p.jpg,BH Nadlan,Immobilier neuf > Jerusalem
bh-soho-4-5p,"4,5 pièces – Soho, Jerusalem","Programme neuf à Soho, quartier Katamon, Jerusalem. Promoteur reconnu. Appartements de 4,5 pièces, 119 m². Livraison Aout 2031. À partir de 4 580 000 ₪. BH Nadlan accompagne les acheteurs francophones du premier contact jusqu'à la remise des clés : sélection, négociation, avocat, banque et suivi du chantier.",in stock,new,4580000 ILS,https://hb1826-prog.github.io/bh-nadlan-vitrine/bh-soho-4-5p.html,https://hb1826-prog.github.io/bh-nadlan-vitrine/img/bh-soho-4-5p.jpg,BH Nadlan,Immobilier neuf > Jerusalem
bh-soho-5p,"5 pièces – Soho, Jerusalem","Programme neuf à Soho, quartier Katamon, Jerusalem. Promoteur reconnu. Appartements de 5 pièces, de 122 à 153 m². Livraison Aout 2031. À partir de 4 370 000 ₪. BH Nadlan accompagne les acheteurs francophones du premier contact jusqu'à la remise des clés : sélection, négociation, avocat, banque et suivi du chantier.",in stock,new,4370000 ILS,https://hb1826-prog.github.io/bh-nadlan-vitrine/bh-soho-5p.html,https://hb1826-prog.github.io/bh-nadlan-vitrine/img/bh-soho-5p.jpg,BH Nadlan,Immobilier neuf > Jerusalem
bh-soho-6p,"6 pièces – Soho, Jerusalem","Programme neuf à Soho, quartier Katamon, Jerusalem. Promoteur reconnu. Appartements de 6 pièces, 170 m². Livraison Aout 2031. À partir de 5 990 000 ₪. BH Nadlan accompagne les acheteurs francophones du premier contact jusqu'à la remise des clés : sélection, négociation, avocat, banque et suivi du chantier.",in stock,new,5990000 ILS,https://hb1826-prog.github.io/bh-nadlan-vitrine/bh-soho-6p.html,https://hb1826-prog.github.io/bh-nadlan-vitrine/img/bh-soho-6p.jpg,BH Nadlan,Immobilier neuf > Jerusalem
bh-uziel-48-3p,"3 pièces – Uziel 48, Jerusalem","Programme neuf à Uziel 48, quartier Bayit VeGan, Jerusalem. Promoteur reconnu. Appartements de 3 pièces, 73 m². Avec parking selon les appartements. À partir de 3 300 000 ₪. BH Nadlan accompagne les acheteurs francophones du premier contact jusqu'à la remise des clés : sélection, négociation, avocat, banque et suivi du chantier.",in stock,new,3300000 ILS,https://hb1826-prog.github.io/bh-nadlan-vitrine/bh-uziel-48-3p.html,https://hb1826-prog.github.io/bh-nadlan-vitrine/img/bh-uziel-48-3p.jpg,BH Nadlan,Immobilier neuf > Jerusalem
bh-villa-kedar-9-5p,"9,5 pièces – Villa Kedar, Kedar","Programme neuf à Villa Kedar, quartier Kedar (est de Jerusalem), Kedar. Promoteur reconnu. Appartements de 9,5 pièces. À partir de 4 900 000 ₪. BH Nadlan accompagne les acheteurs francophones du premier contact jusqu'à la remise des clés : sélection, négociation, avocat, banque et suivi du chantier.",in stock,new,4900000 ILS,https://hb1826-prog.github.io/bh-nadlan-vitrine/bh-villa-kedar-9-5p.html,https://hb1826-prog.github.io/bh-nadlan-vitrine/img/bh-villa-kedar-9-5p.jpg,BH Nadlan,Immobilier neuf > Kedar
bh-afeka-bashmura-3p,"3 pièces – Afeka BaShmura, Kiryat Bialik","Programme neuf à Afeka BaShmura, Kiryat Bialik. Promoteur reconnu. Appartements de 3 pièces. Livraison 02/2029. À partir de 1 820 000 ₪. BH Nadlan accompagne les acheteurs francophones du premier contact jusqu'à la remise des clés : sélection, négociation, avocat, banque et suivi du chantier.",in stock,new,1820000 ILS,https://hb1826-prog.github.io/bh-nadlan-vitrine/bh-afeka-bashmura-3p.html,https://hb1826-prog.github.io/bh-nadlan-vitrine/img/bh-afeka-bashmura-3p.jpg,BH Nadlan,Immobilier neuf > Kiryat Bialik
bh-afeka-bashmura-4p,"4 pièces – Afeka BaShmura, Kiryat Bialik","Programme neuf à Afeka BaShmura, Kiryat Bialik. Promoteur reconnu. Appartements de 4 pièces. Livraison 02/2029. À partir de 2 130 000 ₪. BH Nadlan accompagne les acheteurs francophones du premier contact jusqu'à la remise des clés : sélection, négociation, avocat, banque et suivi du chantier.",in stock,new,2130000 ILS,https://hb1826-prog.github.io/bh-nadlan-vitrine/bh-afeka-bashmura-4p.html,https://hb1826-prog.github.io/bh-nadlan-vitrine/img/bh-afeka-bashmura-4p.jpg,BH Nadlan,Immobilier neuf > Kiryat Bialik
bh-afeka-bashmura-5p,"5 pièces – Afeka BaShmura, Kiryat Bialik","Programme neuf à Afeka BaShmura, Kiryat Bialik. Promoteur reconnu. Appartements de 5 pièces. Livraison 02/2029. À partir de 2 460 000 ₪. BH Nadlan accompagne les acheteurs francophones du premier contact jusqu'à la remise des clés : sélection, négociation, avocat, banque et suivi du chantier.",in stock,new,2460000 ILS,https://hb1826-prog.github.io/bh-nadlan-vitrine/bh-afeka-bashmura-5p.html,https://hb1826-prog.github.io/bh-nadlan-vitrine/img/bh-afeka-bashmura-5p.jpg,BH Nadlan,Immobilier neuf > Kiryat Bialik
bh-carmei-gat-3p,"3 pièces – Carmei Gat, Kiryat Gat","Programme neuf à Carmei Gat, Kiryat Gat. Promoteur reconnu. Appartements de 3 pièces. Livraison 03/2026 & 02/2027. À partir de 1 790 000 ₪. BH Nadlan accompagne les acheteurs francophones du premier contact jusqu'à la remise des clés : sélection, négociation, avocat, banque et suivi du chantier.",in stock,new,1790000 ILS,https://hb1826-prog.github.io/bh-nadlan-vitrine/bh-carmei-gat-3p.html,https://hb1826-prog.github.io/bh-nadlan-vitrine/img/bh-carmei-gat-3p.jpg,BH Nadlan,Immobilier neuf > Kiryat Gat
bh-carmei-gat-4p,"4 pièces – Carmei Gat, Kiryat Gat","Programme neuf à Carmei Gat, Kiryat Gat. Promoteur reconnu. Appartements de 4 pièces. Livraison 03/2026 & 02/2027. À partir de 2 070 000 ₪. BH Nadlan accompagne les acheteurs francophones du premier contact jusqu'à la remise des clés : sélection, négociation, avocat, banque et suivi du chantier.",in stock,new,2070000 ILS,https://hb1826-prog.github.io/bh-nadlan-vitrine/bh-carmei-gat-4p.html,https://hb1826-prog.github.io/bh-nadlan-vitrine/img/bh-carmei-gat-4p.jpg,BH Nadlan,Immobilier neuf > Kiryat Gat
bh-carmei-gat-5p,"5 pièces – Carmei Gat, Kiryat Gat","Programme neuf à Carmei Gat, Kiryat Gat. Promoteur reconnu. Appartements de 5 pièces. Livraison 03/2026 & 02/2027. À partir de 2 500 000 ₪. BH Nadlan accompagne les acheteurs francophones du premier contact jusqu'à la remise des clés : sélection, négociation, avocat, banque et suivi du chantier.",in stock,new,2500000 ILS,https://hb1826-prog.github.io/bh-nadlan-vitrine/bh-carmei-gat-5p.html,https://hb1826-prog.github.io/bh-nadlan-vitrine/img/bh-carmei-gat-5p.jpg,BH Nadlan,Immobilier neuf > Kiryat Gat
bh-rova-3p,"3 pièces – Rova, Kiryat Gat","Programme neuf à Rova, quartier Carmey Gat, Kiryat Gat. Promoteur reconnu. Appartements de 3 pièces, 80 m². Livraison Octobre 2029. À partir de 1 750 000 ₪. BH Nadlan accompagne les acheteurs francophones du premier contact jusqu'à la remise des clés : sélection, négociation, avocat, banque et suivi du chantier.",in stock,new,1750000 ILS,https://hb1826-prog.github.io/bh-nadlan-vitrine/bh-rova-3p.html,https://hb1826-prog.github.io/bh-nadlan-vitrine/img/bh-rova-3p.jpg,BH Nadlan,Immobilier neuf > Kiryat Gat
bh-rova-4p,"4 pièces – Rova, Kiryat Gat","Programme neuf à Rova, quartier Carmey Gat, Kiryat Gat. Promoteur reconnu. Appartements de 4 pièces, de 100 à 103 m². Livraison Octobre 2029. À partir de 2 080 000 ₪. BH Nadlan accompagne les acheteurs francophones du premier contact jusqu'à la remise des clés : sélection, négociation, avocat, banque et suivi du chantier.",in stock,new,2080000 ILS,https://hb1826-prog.github.io/bh-nadlan-vitrine/bh-rova-4p.html,https://hb1826-prog.github.io/bh-nadlan-vitrine/img/bh-rova-4p.jpg,BH Nadlan,Immobilier neuf > Kiryat Gat
bh-rova-5p,"5 pièces – Rova, Kiryat Gat","Programme neuf à Rova, quartier Carmey Gat, Kiryat Gat. Promoteur reconnu. Appartements de 5 pièces, 120 m². Livraison Octobre 2029. À partir de 2 210 000 ₪. BH Nadlan accompagne les acheteurs francophones du premier contact jusqu'à la remise des clés : sélection, négociation, avocat, banque et suivi du chantier.",in stock,new,2210000 ILS,https://hb1826-prog.github.io/bh-nadlan-vitrine/bh-rova-5p.html,https://hb1826-prog.github.io/bh-nadlan-vitrine/img/bh-rova-5p.jpg,BH Nadlan,Immobilier neuf > Kiryat Gat
bh-alive-4p,"4 pièces – Alive, Netanya","Programme neuf à Alive, quartier Park Hayam, Netanya. Promoteur reconnu. Appartements de 4 pièces, 103 m². Livraison Decembre 2029. À partir de 3 495 000 ₪. BH Nadlan accompagne les acheteurs francophones du premier contact jusqu'à la remise des clés : sélection, négociation, avocat, banque et suivi du chantier.",in stock,new,3495000 ILS,https://hb1826-prog.github.io/bh-nadlan-vitrine/bh-alive-4p.html,https://hb1826-prog.github.io/bh-nadlan-vitrine/img/bh-alive-4p.jpg,BH Nadlan,Immobilier neuf > Netanya
bh-alive-5p,"5 pièces – Alive, Netanya","Programme neuf à Alive, quartier Park Hayam, Netanya. Promoteur reconnu. Appartements de 5 pièces, de 135 à 179 m². Livraison Decembre 2029. À partir de 3 950 000 ₪. BH Nadlan accompagne les acheteurs francophones du premier contact jusqu'à la remise des clés : sélection, négociation, avocat, banque et suivi du chantier.",in stock,new,3950000 ILS,https://hb1826-prog.github.io/bh-nadlan-vitrine/bh-alive-5p.html,https://hb1826-prog.github.io/bh-nadlan-vitrine/img/bh-alive-5p.jpg,BH Nadlan,Immobilier neuf > Netanya
bh-ir-yamim-5p,"5 pièces – Ir Yamim, Netanya","Programme neuf à Ir Yamim, Netanya. Promoteur reconnu. Appartements de 5 pièces. Livraison Juin 2025. À partir de 8 700 000 ₪. BH Nadlan accompagne les acheteurs francophones du premier contact jusqu'à la remise des clés : sélection, négociation, avocat, banque et suivi du chantier.",in stock,new,8700000 ILS,https://hb1826-prog.github.io/bh-nadlan-vitrine/bh-ir-yamim-5p.html,https://hb1826-prog.github.io/bh-nadlan-vitrine/img/bh-ir-yamim-5p.jpg,BH Nadlan,Immobilier neuf > Netanya
bh-nordau-2-5p,"2,5 pièces – Nordau, Netanya","Programme neuf à Nordau, Netanya. Promoteur reconnu. Appartements de 2,5 pièces, de 61 à 64 m². Livraison janvier 2031. À partir de 2 125 000 ₪. BH Nadlan accompagne les acheteurs francophones du premier contact jusqu'à la remise des clés : sélection, négociation, avocat, banque et suivi du chantier.",in stock,new,2125000 ILS,https://hb1826-prog.github.io/bh-nadlan-vitrine/bh-nordau-2-5p.html,https://hb1826-prog.github.io/bh-nadlan-vitrine/img/bh-nordau-2-5p.jpg,BH Nadlan,Immobilier neuf > Netanya
bh-nordau-3p,"3 pièces – Nordau, Netanya","Programme neuf à Nordau, Netanya. Promoteur reconnu. Appartements de 3 pièces, de 77 à 100 m². Livraison janvier 2031. À partir de 2 659 091 ₪. BH Nadlan accompagne les acheteurs francophones du premier contact jusqu'à la remise des clés : sélection, négociation, avocat, banque et suivi du chantier.",in stock,new,2659091 ILS,https://hb1826-prog.github.io/bh-nadlan-vitrine/bh-nordau-3p.html,https://hb1826-prog.github.io/bh-nadlan-vitrine/img/bh-nordau-3p.jpg,BH Nadlan,Immobilier neuf > Netanya
bh-nordau-4p,"4 pièces – Nordau, Netanya","Programme neuf à Nordau, Netanya. Promoteur reconnu. Appartements de 4 pièces, de 111 à 117 m². Livraison janvier 2031. À partir de 3 193 182 ₪. BH Nadlan accompagne les acheteurs francophones du premier contact jusqu'à la remise des clés : sélection, négociation, avocat, banque et suivi du chantier.",in stock,new,3193182 ILS,https://hb1826-prog.github.io/bh-nadlan-vitrine/bh-nordau-4p.html,https://hb1826-prog.github.io/bh-nadlan-vitrine/img/bh-nordau-4p.jpg,BH Nadlan,Immobilier neuf > Netanya
bh-nordau-5p,"5 pièces – Nordau, Netanya","Programme neuf à Nordau, Netanya. Promoteur reconnu. Appartements de 5 pièces, de 133 à 189 m². Livraison janvier 2031. À partir de 3 750 000 ₪. BH Nadlan accompagne les acheteurs francophones du premier contact jusqu'à la remise des clés : sélection, négociation, avocat, banque et suivi du chantier.",in stock,new,3750000 ILS,https://hb1826-prog.github.io/bh-nadlan-vitrine/bh-nordau-5p.html,https://hb1826-prog.github.io/bh-nadlan-vitrine/img/bh-nordau-5p.jpg,BH Nadlan,Immobilier neuf > Netanya
bh-nordau-6p,"6 pièces – Nordau, Netanya","Programme neuf à Nordau, Netanya. Promoteur reconnu. Appartements de 6 pièces, 156 m². Livraison janvier 2031. À partir de 4 375 000 ₪. BH Nadlan accompagne les acheteurs francophones du premier contact jusqu'à la remise des clés : sélection, négociation, avocat, banque et suivi du chantier.",in stock,new,4375000 ILS,https://hb1826-prog.github.io/bh-nadlan-vitrine/bh-nordau-6p.html,https://hb1826-prog.github.io/bh-nadlan-vitrine/img/bh-nordau-6p.jpg,BH Nadlan,Immobilier neuf > Netanya
bh-nofe-yoram-3p,"3 pièces – Nofe Yoram, Netivot","Programme neuf à Nofe Yoram, Netivot. Promoteur reconnu. Appartements de 3 pièces. Livraison 10/2027. À partir de 1 340 000 ₪. BH Nadlan accompagne les acheteurs francophones du premier contact jusqu'à la remise des clés : sélection, négociation, avocat, banque et suivi du chantier.",in stock,new,1340000 ILS,https://hb1826-prog.github.io/bh-nadlan-vitrine/bh-nofe-yoram-3p.html,https://hb1826-prog.github.io/bh-nadlan-vitrine/img/bh-nofe-yoram-3p.jpg,BH Nadlan,Immobilier neuf > Netivot
bh-nofe-yoram-4p,"4 pièces – Nofe Yoram, Netivot","Programme neuf à Nofe Yoram, Netivot. Promoteur reconnu. Appartements de 4 pièces. Livraison 10/2027. À partir de 1 540 000 ₪. BH Nadlan accompagne les acheteurs francophones du premier contact jusqu'à la remise des clés : sélection, négociation, avocat, banque et suivi du chantier.",in stock,new,1540000 ILS,https://hb1826-prog.github.io/bh-nadlan-vitrine/bh-nofe-yoram-4p.html,https://hb1826-prog.github.io/bh-nadlan-vitrine/img/bh-nofe-yoram-4p.jpg,BH Nadlan,Immobilier neuf > Netivot
bh-nofe-yoram-5p,"5 pièces – Nofe Yoram, Netivot","Programme neuf à Nofe Yoram, Netivot. Promoteur reconnu. Appartements de 5 pièces. Livraison 10/2027. À partir de 1 640 000 ₪. BH Nadlan accompagne les acheteurs francophones du premier contact jusqu'à la remise des clés : sélection, négociation, avocat, banque et suivi du chantier.",in stock,new,1640000 ILS,https://hb1826-prog.github.io/bh-nadlan-vitrine/bh-nofe-yoram-5p.html,https://hb1826-prog.github.io/bh-nadlan-vitrine/img/bh-nofe-yoram-5p.jpg,BH Nadlan,Immobilier neuf > Netivot
bh-up-life-4p,"4 pièces – UP LIFE, Netivot","Programme neuf à UP LIFE, quartier Maalot HaNachal, Netivot. Promoteur reconnu. Appartements de 4 pièces. À partir de 1 520 000 ₪. BH Nadlan accompagne les acheteurs francophones du premier contact jusqu'à la remise des clés : sélection, négociation, avocat, banque et suivi du chantier.",in stock,new,1520000 ILS,https://hb1826-prog.github.io/bh-nadlan-vitrine/bh-up-life-4p.html,https://hb1826-prog.github.io/bh-nadlan-vitrine/img/bh-up-life-4p.jpg,BH Nadlan,Immobilier neuf > Netivot
bh-afikei-nahal-3p,"3 pièces – Afikei Nahal, Ofakim","Programme neuf à Afikei Nahal, Ofakim. Promoteur reconnu. Appartements de 3 pièces. Livraison 10/2026 & 11/2027. À partir de 1 390 000 ₪. BH Nadlan accompagne les acheteurs francophones du premier contact jusqu'à la remise des clés : sélection, négociation, avocat, banque et suivi du chantier.",in stock,new,1390000 ILS,https://hb1826-prog.github.io/bh-nadlan-vitrine/bh-afikei-nahal-3p.html,https://hb1826-prog.github.io/bh-nadlan-vitrine/img/bh-afikei-nahal-3p.jpg,BH Nadlan,Immobilier neuf > Ofakim
bh-afikei-nahal-4p,"4 pièces – Afikei Nahal, Ofakim","Programme neuf à Afikei Nahal, Ofakim. Promoteur reconnu. Appartements de 4 pièces. Livraison 10/2026 & 11/2027. À partir de 1 650 000 ₪. BH Nadlan accompagne les acheteurs francophones du premier contact jusqu'à la remise des clés : sélection, négociation, avocat, banque et suivi du chantier.",in stock,new,1650000 ILS,https://hb1826-prog.github.io/bh-nadlan-vitrine/bh-afikei-nahal-4p.html,https://hb1826-prog.github.io/bh-nadlan-vitrine/img/bh-afikei-nahal-4p.jpg,BH Nadlan,Immobilier neuf > Ofakim
bh-afikei-nahal-5p,"5 pièces – Afikei Nahal, Ofakim","Programme neuf à Afikei Nahal, Ofakim. Promoteur reconnu. Appartements de 5 pièces. Livraison 10/2026 & 11/2027. À partir de 1 800 000 ₪. BH Nadlan accompagne les acheteurs francophones du premier contact jusqu'à la remise des clés : sélection, négociation, avocat, banque et suivi du chantier.",in stock,new,1800000 ILS,https://hb1826-prog.github.io/bh-nadlan-vitrine/bh-afikei-nahal-5p.html,https://hb1826-prog.github.io/bh-nadlan-vitrine/img/bh-afikei-nahal-5p.jpg,BH Nadlan,Immobilier neuf > Ofakim
bh-neve-park-3p,"3 pièces – Neve Park, Or Yehuda","Programme neuf à Neve Park, Or Yehuda. Promoteur reconnu. Appartements de 3 pièces. Livraison 06/2030. À partir de 2 440 000 ₪. BH Nadlan accompagne les acheteurs francophones du premier contact jusqu'à la remise des clés : sélection, négociation, avocat, banque et suivi du chantier.",in stock,new,2440000 ILS,https://hb1826-prog.github.io/bh-nadlan-vitrine/bh-neve-park-3p.html,https://hb1826-prog.github.io/bh-nadlan-vitrine/img/bh-neve-park-3p.jpg,BH Nadlan,Immobilier neuf > Or Yehuda
bh-neve-park-5p,"5 pièces – Neve Park, Or Yehuda","Programme neuf à Neve Park, Or Yehuda. Promoteur reconnu. Appartements de 5 pièces. Livraison 06/2030. À partir de 3 270 000 ₪. BH Nadlan accompagne les acheteurs francophones du premier contact jusqu'à la remise des clés : sélection, négociation, avocat, banque et suivi du chantier.",in stock,new,3270000 ILS,https://hb1826-prog.github.io/bh-nadlan-vitrine/bh-neve-park-5p.html,https://hb1826-prog.github.io/bh-nadlan-vitrine/img/bh-neve-park-5p.jpg,BH Nadlan,Immobilier neuf > Or Yehuda
bh-neve-park-3p-2,"3 pièces – Neve Park, Petah Tikva","Programme neuf à Neve Park, Petah Tikva. Promoteur reconnu. Appartements de 3 pièces. Livraison 09/2029. À partir de 2 820 000 ₪. BH Nadlan accompagne les acheteurs francophones du premier contact jusqu'à la remise des clés : sélection, négociation, avocat, banque et suivi du chantier.",in stock,new,2820000 ILS,https://hb1826-prog.github.io/bh-nadlan-vitrine/bh-neve-park-3p-2.html,https://hb1826-prog.github.io/bh-nadlan-vitrine/img/bh-neve-park-3p-2.jpg,BH Nadlan,Immobilier neuf > Petah Tikva
bh-neve-park-4p,"4 pièces – Neve Park, Petah Tikva","Programme neuf à Neve Park, Petah Tikva. Promoteur reconnu. Appartements de 4 pièces. Livraison 09/2029. À partir de 3 250 000 ₪. BH Nadlan accompagne les acheteurs francophones du premier contact jusqu'à la remise des clés : sélection, négociation, avocat, banque et suivi du chantier.",in stock,new,3250000 ILS,https://hb1826-prog.github.io/bh-nadlan-vitrine/bh-neve-park-4p.html,https://hb1826-prog.github.io/bh-nadlan-vitrine/img/bh-neve-park-4p.jpg,BH Nadlan,Immobilier neuf > Petah Tikva
bh-neve-park-5p-2,"5 pièces – Neve Park, Petah Tikva","Programme neuf à Neve Park, Petah Tikva. Promoteur reconnu. Appartements de 5 pièces. Livraison 09/2029. À partir de 3 580 000 ₪. BH Nadlan accompagne les acheteurs francophones du premier contact jusqu'à la remise des clés : sélection, négociation, avocat, banque et suivi du chantier.",in stock,new,3580000 ILS,https://hb1826-prog.github.io/bh-nadlan-vitrine/bh-neve-park-5p-2.html,https://hb1826-prog.github.io/bh-nadlan-vitrine/img/bh-neve-park-5p-2.jpg,BH Nadlan,Immobilier neuf > Petah Tikva
bh-neve-park-6p,"6 pièces – Neve Park, Petah Tikva","Programme neuf à Neve Park, Petah Tikva. Promoteur reconnu. Appartements de 6 pièces. Livraison 09/2029. À partir de 3 850 000 ₪. BH Nadlan accompagne les acheteurs francophones du premier contact jusqu'à la remise des clés : sélection, négociation, avocat, banque et suivi du chantier.",in stock,new,3850000 ILS,https://hb1826-prog.github.io/bh-nadlan-vitrine/bh-neve-park-6p.html,https://hb1826-prog.github.io/bh-nadlan-vitrine/img/bh-neve-park-6p.jpg,BH Nadlan,Immobilier neuf > Petah Tikva
bh-uziel-13-15-2p,"2 pièces – Uziel 13-15, Ramat Gan","Programme neuf à Uziel 13-15, Ramat Gan. Promoteur reconnu. Appartements de 2 pièces, 60 m². Livraison Juillet 2029. À partir de 2 640 000 ₪. BH Nadlan accompagne les acheteurs francophones du premier contact jusqu'à la remise des clés : sélection, négociation, avocat, banque et suivi du chantier.",in stock,new,2640000 ILS,https://hb1826-prog.github.io/bh-nadlan-vitrine/bh-uziel-13-15-2p.html,https://hb1826-prog.github.io/bh-nadlan-vitrine/img/bh-uziel-13-15-2p.jpg,BH Nadlan,Immobilier neuf > Ramat Gan
bh-uziel-13-15-3p,"3 pièces – Uziel 13-15, Ramat Gan","Programme neuf à Uziel 13-15, Ramat Gan. Promoteur reconnu. Appartements de 3 pièces, 85 m². Livraison Juillet 2029. À partir de 3 200 000 ₪. BH Nadlan accompagne les acheteurs francophones du premier contact jusqu'à la remise des clés : sélection, négociation, avocat, banque et suivi du chantier.",in stock,new,3200000 ILS,https://hb1826-prog.github.io/bh-nadlan-vitrine/bh-uziel-13-15-3p.html,https://hb1826-prog.github.io/bh-nadlan-vitrine/img/bh-uziel-13-15-3p.jpg,BH Nadlan,Immobilier neuf > Ramat Gan
bh-uziel-13-15-4p,"4 pièces – Uziel 13-15, Ramat Gan","Programme neuf à Uziel 13-15, Ramat Gan. Promoteur reconnu. Appartements de 4 pièces, de 99 à 100 m². Livraison Juillet 2029. À partir de 3 460 000 ₪. BH Nadlan accompagne les acheteurs francophones du premier contact jusqu'à la remise des clés : sélection, négociation, avocat, banque et suivi du chantier.",in stock,new,3460000 ILS,https://hb1826-prog.github.io/bh-nadlan-vitrine/bh-uziel-13-15-4p.html,https://hb1826-prog.github.io/bh-nadlan-vitrine/img/bh-uziel-13-15-4p.jpg,BH Nadlan,Immobilier neuf > Ramat Gan
bh-bavli-3p,"3 pièces – Bavli, Tel Aviv","Programme neuf à Bavli, Tel Aviv. Promoteur reconnu. Appartements de 3 pièces, de 77 à 107 m². Livraison février 2028. À partir de 5 422 947 ₪. BH Nadlan accompagne les acheteurs francophones du premier contact jusqu'à la remise des clés : sélection, négociation, avocat, banque et suivi du chantier.",in stock,new,5422947 ILS,https://hb1826-prog.github.io/bh-nadlan-vitrine/bh-bavli-3p.html,https://hb1826-prog.github.io/bh-nadlan-vitrine/img/bh-bavli-3p.jpg,BH Nadlan,Immobilier neuf > Tel Aviv
bh-bavli-4p,"4 pièces – Bavli, Tel Aviv","Programme neuf à Bavli, Tel Aviv. Promoteur reconnu. Appartements de 4 pièces, de 123 à 133 m². Livraison février 2028. À partir de 6 223 207 ₪. BH Nadlan accompagne les acheteurs francophones du premier contact jusqu'à la remise des clés : sélection, négociation, avocat, banque et suivi du chantier.",in stock,new,6223207 ILS,https://hb1826-prog.github.io/bh-nadlan-vitrine/bh-bavli-4p.html,https://hb1826-prog.github.io/bh-nadlan-vitrine/img/bh-bavli-4p.jpg,BH Nadlan,Immobilier neuf > Tel Aviv
bh-bavli-5p,"5 pièces – Bavli, Tel Aviv","Programme neuf à Bavli, Tel Aviv. Promoteur reconnu. Appartements de 5 pièces, 173 m². Livraison février 2028. À partir de 11 594 816 ₪. BH Nadlan accompagne les acheteurs francophones du premier contact jusqu'à la remise des clés : sélection, négociation, avocat, banque et suivi du chantier.",in stock,new,11594816 ILS,https://hb1826-prog.github.io/bh-nadlan-vitrine/bh-bavli-5p.html,https://hb1826-prog.github.io/bh-nadlan-vitrine/img/bh-bavli-5p.jpg,BH Nadlan,Immobilier neuf > Tel Aviv
bh-jomo-tel-aviv-2p,"2 pièces – JOMO Tel Aviv, Tel Aviv","Programme neuf à JOMO Tel Aviv, quartier Kiryat Shalom, Tel Aviv. Promoteur reconnu. Appartements de 2 pièces, de 46 à 54 m². À partir de 2 204 000 ₪. BH Nadlan accompagne les acheteurs francophones du premier contact jusqu'à la remise des clés : sélection, négociation, avocat, banque et suivi du chantier.",in stock,new,2204000 ILS,https://hb1826-prog.github.io/bh-nadlan-vitrine/bh-jomo-tel-aviv-2p.html,https://hb1826-prog.github.io/bh-nadlan-vitrine/img/bh-jomo-tel-aviv-2p.jpg,BH Nadlan,Immobilier neuf > Tel Aviv
bh-sde-dov-2p,"2 pièces – Sde Dov, Tel Aviv","Programme neuf à Sde Dov, Tel Aviv. Promoteur reconnu. Appartements de 2 pièces, de 49 à 62 m². Livraison décembre 2031. À partir de 3 764 000 ₪. BH Nadlan accompagne les acheteurs francophones du premier contact jusqu'à la remise des clés : sélection, négociation, avocat, banque et suivi du chantier.",in stock,new,3764000 ILS,https://hb1826-prog.github.io/bh-nadlan-vitrine/bh-sde-dov-2p.html,https://hb1826-prog.github.io/bh-nadlan-vitrine/img/bh-sde-dov-2p.jpg,BH Nadlan,Immobilier neuf > Tel Aviv
bh-sde-dov-3p,"3 pièces – Sde Dov, Tel Aviv","Programme neuf à Sde Dov, Tel Aviv. Promoteur reconnu. Appartements de 3 pièces, de 76 à 78 m². Livraison décembre 2031. À partir de 5 748 465 ₪. BH Nadlan accompagne les acheteurs francophones du premier contact jusqu'à la remise des clés : sélection, négociation, avocat, banque et suivi du chantier.",in stock,new,5748465 ILS,https://hb1826-prog.github.io/bh-nadlan-vitrine/bh-sde-dov-3p.html,https://hb1826-prog.github.io/bh-nadlan-vitrine/img/bh-sde-dov-3p.jpg,BH Nadlan,Immobilier neuf > Tel Aviv
bh-sde-dov-4p,"4 pièces – Sde Dov, Tel Aviv","Programme neuf à Sde Dov, Tel Aviv. Promoteur reconnu. Appartements de 4 pièces, de 113 à 127 m². Livraison décembre 2031. À partir de 8 175 442 ₪. BH Nadlan accompagne les acheteurs francophones du premier contact jusqu'à la remise des clés : sélection, négociation, avocat, banque et suivi du chantier.",in stock,new,8175442 ILS,https://hb1826-prog.github.io/bh-nadlan-vitrine/bh-sde-dov-4p.html,https://hb1826-prog.github.io/bh-nadlan-vitrine/img/bh-sde-dov-4p.jpg,BH Nadlan,Immobilier neuf > Tel Aviv
